Species,Diluent_cat2,Phyla,Class,LNConc,LNMR,LNpercap,logConc,logMR,logpercap,Diluent_job,Extraction,Sperm_MR_Notes,reference_MR,ref_number,Sperm_SD,Sperm_SEM,sample_size,Fresh_or_Frozen,Endotherm_Ectotherm,Interl_Exterl,matched.species,Sugar,Carbs
Acipenser baerii,AM,Chordata,Actinopterygii,22.61033549,4.667626541,-17.94444656,9.819543936,2.02712445,-7.793174124,Activation,Extracted,Transformed,Rahi et al. 2020),78,NA,1,5,Cooled,Ecto,E,Acipenser_baerii,S,Carbohydrate-containing
Alburnus chalcoides ,AM,Chordata,Actinopterygii,23.16561287,5.974114909,-17.19104019,10.06069784,2.594525139,-7.465973894,Activation,Ejaculated,No trans needed,Lahnsteiner et al. 1999),56,3.73,NA,10,Fresh,Ecto,E,Alburnus_chalcoides,S,Carbohydrate-containing
Anthocidaris crassispi,SW,Echinodermata,Echinoidae,18.42068074,1.573802445,-16.84790682,8,0.683493717,-7.316952962,Activation,Ejaculated,No trans needed,Fujiwara et al. 1982),44,NA,0.29,3,Fresh,Ecto,E,Heliocidaris_crassispi,NS,Carbohydrate-free
Anthocidaris crassispi,SW,Echinodermata,Echinoidae,18.42068074,1.628016261,-16.79340291,8,0.707038479,-7.293282218,Activation,Ejaculated,No trans needed,Fujiwara et al. 1982),44,NA,0.41,3,Fresh,Ecto,E,Heliocidaris_crassispi,NS,Carbohydrate-free
Anthocidaris crassispi,SW,Echinodermata,Echinoidae,21.41641302,4.435605316,-16.98084562,9.301029996,1.926358912,-7.374687549,Activation,Ejaculated,Transformed,Fujiwara et al. 1999,46,NA,1.03,3,Fresh,Ecto,E,Heliocidaris_crassispi,NS,Carbohydrate-free
Anthocidaris crassispi,SW,Echinodermata,Echinoidae,18.42068074,1.635900665,-16.78557508,8,0.710462632,-7.289882635,Activation,Ejaculated,No trans needed,Fujiwara et al. 1982),44,NA,0.45,3,Fresh,Ecto,E,Heliocidaris_crassispi,NS,Carbohydrate-free
Apis mellifera,SF,Arthropoda ,Insecta,22.07910099,4.942128019,-17.13697297,9.588831726,2.146338927,-7.442492798,Extender,Ejaculated,Transformed,Verma & Shuel 1973),95,NA,0.13,7,Fresh,Ecto,I,Apis_mellifera,S,Carbohydrate-containing
Apis mellifera,SF,Arthropoda ,Insecta,22.77224817,5.259825987,-17.51242218,9.889861721,2.284313402,-7.605548319,Extender,Ejaculated,Transformed,Verma & Shuel 1973),95,NA,0.13,7,Fresh,Ecto,I,Apis_mellifera,S,Carbohydrate-containing
Arbacia lixula,SW,Echinodermata,Echinoidae,16.11809565,-2.923225583,-19.04057746,7,-1.26954074,-8.269217724,Activation,Ejaculated,Transformed,Mita et al. 1994,65,NA,0.023,3,Fresh,Ecto,E,Arbacia_lixula,NS,Carbohydrate-free
Arenicola mari,SW,Annelida,Polychaeta,13.81551056,-2.244769118,-16.06027968,6,-0.974890841,-6.974890841,Activation,Ejaculated,No trans needed,Campbell et al. 2017),18,NA,NA,6,Cooled,Ecto,E,Arenicola_mari,NS,Carbohydrate-free
Arenicola mari,SW,Annelida,Polychaeta,17.72753356,1.38374553,-16.34374233,7.698970004,0.600953048,-7.097997109,Activation,Extracted,Transformed,Pacey & Bentley 1993,76,NA,2.35,6,Fresh,Ecto,E,Arenicola_mari,NS,Carbohydrate-free
Bos taurus,Buffered Medium,Chordata,Mammalia,20.67197254,5.604874695,-15.06751881,8.977723605,2.434166152,-6.543740276,Extender,Ejaculated,Transformed,Al-Taha & Strzezek 1982),2,2.924,NA,120,Fresh,Endo,I,Bos_taurus,NS,Carbohydrate-free
Bos taurus,﻿Eqcellsire + ﻿Optiprep,Chordata,Mammalia,17.72753356,2.884800713,-14.84273285,7.698970004,1.252853031,-6.446116973,Separator,Ejaculated,Transformed,Garrett et al. 2008),47,NA,6.51,5,Fresh,Endo,I,Bos_taurus,NS,Carbohydrate-free
Bos taurus,﻿Eqcellsire + ﻿Optiprep,Chordata,Mammalia,17.72753356,1.842129829,-15.88698393,7.698970004,0.80002682,-6.899629455,Separator,Ejaculated,Transformed,Garrett et al. 2008),47,NA,NA,5,Fresh,Endo,I,Bos_taurus,NS,Carbohydrate-free
Bos taurus,﻿Eqcellsire + ﻿Optiprep,Chordata,Mammalia,17.72753356,1.871802177,-15.85573139,7.698970004,0.812913357,-6.886056648,Separator,Ejaculated,Transformed,Garrett et al. 2008),47,NA,0.81,5,Fresh,Endo,I,Bos_taurus,NS,Carbohydrate-free
Bos taurus,﻿Eqcellsire + ﻿Optiprep,Chordata,Mammalia,17.72753356,1.918115736,-15.81061095,7.698970004,0.83302708,-6.866461092,Separator,Ejaculated,Transformed,Garrett et al. 2008),47,NA,NA,5,Fresh,Endo,I,Bos_taurus,NS,Carbohydrate-free
Bos taurus,﻿Eqcellsire + ﻿Optiprep,Chordata,Mammalia,17.72753356,2.165356838,-15.56421054,7.698970004,0.940402526,-6.759450752,Separator,Ejaculated,Transformed,Garrett et al. 2008),47,NA,NA,5,Fresh,Endo,I,Bos_taurus,NS,Carbohydrate-free
Bos taurus,﻿Eqcellsire + ﻿Optiprep,Chordata,Mammalia,17.72753356,2.186051277,-15.54148229,7.698970004,0.949390007,-6.749579998,Separator,Ejaculated,Transformed,Garrett et al. 2008),47,NA,3.51,5,Fresh,Endo,I,Bos_taurus,NS,Carbohydrate-free
Bos taurus,﻿Eqcellsire + ﻿Optiprep,Chordata,Mammalia,17.72753356,2.877372504,-14.85114805,7.698970004,1.249627001,-6.449771647,Separator,Ejaculated,Transformed,Garrett et al. 2008),47,NA,NA,5,Fresh,Endo,I,Bos_taurus,NS,Carbohydrate-free
Bos taurus,KRP,Chordata,Mammalia,20.93028001,3.895893623,-17.03438638,9.089905111,1.691965103,-7.397940009,Extender,Ejaculated,Transformed,Scott et al (1962),87,NA,NA,3,Fresh,Endo,I,Bos_taurus,S,Carbohydrate-containing
Bos taurus,KRP,Chordata,Mammalia,19.11382792,3.605497845,-15.50833008,8.301029996,1.565847819,-6.735182177,Extender,Ejaculated,Transformed,Norman et al (1958),74,NA,NA,6,Fresh,Endo,I,Bos_taurus,S,Carbohydrate-containing
Bos taurus,KRP,Chordata,Mammalia,20.36659089,4.726797674,-15.63979529,8.84509804,2.052822147,-6.79227679,Extender,Ejaculated,Transformed,Lardy & Phillips 1942),57,NA,NA,4,Fresh,Endo,I,Bos_taurus,S,Carbohydrate-containing
Bos taurus,KRP,Chordata,Mammalia,20.53693626,4.117735515,-16.41920074,8.919078092,1.788309812,-7.13076828,Extender,Ejaculated,Transformed,Murdoch & White 1966),68,NA,NA,3,Fresh,Endo,I,Bos_taurus,S,Carbohydrate-containing
Bos taurus,KRP,Chordata,Mammalia,20.43558376,4.212127598,-16.22345617,8.875061263,1.829303773,-7.045757491,Extender,Ejaculated,Transformed,Murdoch & White 1966),68,NA,NA,3,Fresh,Endo,I,Bos_taurus,S,Carbohydrate-containing
Bos taurus,NKM,Chordata,Mammalia,18.82614585,0.268728585,-18.557646600000002,8.176091259,0.116707341,-8.059483515,Extender,Ejaculated,Transformed,Schoff 1995,86,NA,0.143,3,Fresh,Endo,I,Bos_taurus,NS,Carbohydrate-free
Bos taurus,NKML,Chordata,Mammalia,18.82614585,-0.46203546,-19.28818131,8.176091259,-0.200659451,-8.37675071,Activation,Ejaculated,Transformed,Schoff and First (1995),104,NA,NA,3,Fresh,Endo,I,Bos_taurus,NS,Carbohydrate-free
Bos taurus,TALP,Chordata,Mammalia,13.59236701,-1.061316504,-14.65430798,5.903089987,-0.460923901,-6.364285093,Activation,Ejaculated,No Trans needed,Magdanz et al (2019),60,NA,NA,15,Frozen-thawed,Endo,I,Bos_taurus,NS,Carbohydrate-free
Bos taurus,TALP,Chordata,Mammalia,13.59236701,-1.343234872,-14.93702511,5.903089987,-0.583359493,-6.487067583,Activation,Ejaculated,No Trans needed,Magdanz et al (2019),60,NA,NA,15,Frozen-thawed,Endo,I,Bos_taurus,NS,Carbohydrate-free
Bos taurus,TALP,Chordata,Mammalia,13.59236701,-1.857899272,-15.45226314,5.903089987,-0.806875402,-6.710832616,Activation,Ejaculated,No Trans needed,Magdanz et al (2019),60,NA,NA,15,Frozen-thawed,Endo,I,Bos_taurus,NS,Carbohydrate-free
Bos taurus,Tris-buffer,Chordata,Mammalia,18.42068074,2.197224577,-16.22345617,8,0.954242509,-7.045757491,Activation,Ejaculated,No Trans needed,Casas et al (2016),21,1.2,NA,7,Fresh,Endo,I,Bos_taurus,NS,Carbohydrate-free
Bos taurus,Tris-egg-yolk buffer,Chordata,Mammalia,18.42068074,1.867176109,-16.55350464,8,0.810904281,-7.189095719,Activation,Ejaculated,No trans needed,Fernández & Córdoba 2014),33,1.58,NA,4,Frozen-thawed,Endo,I,Bos_taurus,S,Carbohydrate-containing
Bos taurus,Tris-egg-yolk buffer,Chordata,Mammalia,18.42068074,2.463853241,-15.95258121,8,1.070037867,-6.928117993,Activation,Ejaculated,No trans needed,Fernández & Córdoba 2014),33,3.53,NA,4,Frozen-thawed,Endo,I,Bos_taurus,S,Carbohydrate-containing
Bos taurus,Tyrodes Medium,Chordata,Mammalia,18.42068074,1.784240637,-16.63561026,8,0.774885863,-7.22475374,Activation,Ejaculated,No trans needed,Fernández & Córdoba 2016),34,NA,0.505617978,4,Frozen-thawed,Endo,I,Bos_taurus,NS,Carbohydrate-free
Bos taurus,Tyrodes Medium,Chordata,Mammalia,18.42068074,1.94911528,-16.47191753,8,0.846490011,-7.153662888,Activation,Ejaculated,No trans needed,Fernández & Córdoba 2016),34,NA,2.078651685,4,Frozen-thawed,Endo,I,Bos_taurus,NS,Carbohydrate-free
Bos taurus,Tyrodes Medium,Chordata,Mammalia,18.42068074,1.745774356,-16.67496521,8,0.758180169,-7.241845378,Activation,Ejaculated,No trans needed,Fernández & Córdoba 2016),34,NA,1.404494382,4,Frozen-thawed,Endo,I,Bos_taurus,NS,Carbohydrate-free
Bos taurus,Undiluted,Chordata,Mammalia,20.8542941,4.560089135,-16.29244904,9.056904851,1.980421548,-7.075720714,Extender,Ejaculated,Transformed,Bishop & Salisbury 1955),12,NA,NA,13,Fresh,Endo,I,Bos_taurus,S,Carbohydrate-containing
Bos taurus,Undiluted,Chordata,Mammalia,20.88026959,4.667863255,-16.21240633,9.068185862,2.027227254,-7.040958608,Extender,Ejaculated,Transformed,Bishop & Salisbury 1955),12,NA,NA,7,Fresh,Endo,I,Bos_taurus,S,Carbohydrate-containing
Bos taurus,Undiluted,Chordata,Mammalia,20.9138862,4.449988975,-16.46058596,9.08278537,1.932605657,-7.148741651,Extender,Ejaculated,Transformed,Bishop & Salisbury 1955),12,NA,NA,4,Fresh,Endo,I,Bos_taurus,S,Carbohydrate-containing
Bos taurus,Undiluted,Chordata,Mammalia,21.09482939,4.936601165,-16.15891765,9.161368002,2.143938645,-7.017728767,Extender,Ejaculated,Transformed,Bishop & Salisbury 1955),12,NA,NA,5,Fresh,Endo,I,Bos_taurus,S,Carbohydrate-containing
Canis familiaris,KRP,Chordata,Mammalia,19.25358987,3.26871306,-15.98487681,8.361727836,1.419584045,-6.942143791,Extender,Ejaculated,Transformed,Scott et al (1962),87,NA,NA,3,Fresh,Endo,I,Canis_lupus,NS,Carbohydrate-free
Canis familiaris,KRP,Chordata,Mammalia,18.98029653,1.970602762,-17.00969377,8.243038049,0.855821905,-7.387216143,Extender,Ejaculated,Transformed,Murdoch & White 1966),68,NA,NA,3,Fresh,Endo,I,Canis_lupus,NS,Carbohydrate-free
Canis familiaris,KRP,Chordata,Mammalia,19.3567741,2.807895536,-16.54887857,8.40654018,1.219453537,-7.187086643,Extender,Ejaculated,Transformed,Murdoch & White 1966),68,NA,NA,3,Fresh,Endo,I,Canis_lupus,NS,Carbohydrate-free
Cavia porcellus,Minimum culture media,Chordata,Mammalia,18.82614585,3.915303333,-14.91212484,8.176091259,1.700394633,-6.476253533,Extender,Extracted,Transformed,Rogers et al. 1979),80,NA,6.1109091,7,Fresh,Endo,I,Cavia_porcellus,NS,Carbohydrate-free
Chelon dumerili,SW,Chordata,Actinopterygii,19.53582233,0.758466647,-18.77735569,8.484299839,0.329397879,-8.15490196,Activation,Extracted,Transformed,Van Der Horst 1986,94,0.05,0.025,4,Fresh,Ecto,E,Chelon_dumerili,NS,Carbohydrate-free
Chelon dumerili,SW,Chordata,Actinopterygii,20.215768,0.716277598,-19.49949041,8.779596491,0.311075408,-8.468521083,Activation,Extracted,Transformed,Van Der Horst 1986,94,0.05,0.025,4,Fresh,Ecto,E,Chelon_dumerili,NS,Carbohydrate-free
Chelon dumerili,SW,Chordata,Actinopterygii,21.28288162,0.336472237,-20.94640939,9.243038049,0.146128036,-9.096910013,Activation,Extracted,Transformed,Van Der Horst 1986,94,0.03,0.015,4,Fresh,Ecto,E,Chelon_dumerili,NS,Carbohydrate-free
Cio intestilis,SW,Chordata,Ascidiacea,24.8176104,7.810994813,-17.00725772,10.77815125,3.392271946,-7.386158178,Activation,Extracted,No Trans needed,Brokaw and Benedict (1968),17,NA,NA,4,Fresh,Ecto,E,Cio_intestilis,NS,Carbohydrate-free
Cio intestilis,SW,Chordata,Ascidiacea,24.8176104,7.718621493,-17.0989249,10.77815125,3.352154722,-7.425968732,Activation,Extracted,No Trans needed,Brokaw and Benedict (1968),17,NA,NA,4,Fresh,Ecto,E,Cio_intestilis,NS,Carbohydrate-free
Cio intestilis,SW,Chordata,Ascidiacea,21.41641302,4.682664418,-16.73428179,9.301029996,2.033655317,-7.26760624,Activation,Ejaculated,Transformed,Fujiwara et al. 1999,46,NA,2.06,3,Fresh,Ecto,E,Cio_intestilis,NS,Carbohydrate-free
Cio intestilis,SW,Chordata,Ascidiacea,24.8176104,7.770989479,-17.04696517,10.77815125,3.37489785,-7.403402904,Activation,Extracted,No Trans needed,Brokaw and Benedict (1968),17,NA,NA,4,Fresh,Ecto,E,Cio_intestilis,NS,Carbohydrate-free
Cio intestilis,SW,Chordata,Ascidiacea,24.8176104,7.78114185,-17.03688951,10.77815125,3.379306968,-7.399027104,Activation,Extracted,No Trans needed,Brokaw and Benedict (1968),17,NA,NA,4,Fresh,Ecto,E,Cio_intestilis,NS,Carbohydrate-free
Clarias gariepinus,Tris-saline buffer,Chordata,Actinopterygii,22.82739999,1.483874689,-21.34502302,9.913813852,0.644438589,-9.270025714,Activation,Extracted,Transformed,Mansour et al (2003),62,NA,NA,8,Fresh,Ecto,E,Clarias_gariepinus,NS,Carbohydrate-free
Clypeaster japonicus,SW,Echinodermata,Echinoidae,18.42068074,1.179417782,-17.24202575,8,0.512214635,-7.488116639,Activation,Ejaculated,No trans needed,Fujiwara et al. 1982),44,NA,0.37,3,Fresh,Ecto,E,Clypeaster_japonicus,NS,Carbohydrate-free
Clypeaster japonicus,SW,Echinodermata,Echinoidae,18.42068074,1.407507758,-17.01213577,8,0.611272852,-7.388276692,Activation,Ejaculated,No trans needed,Fujiwara et al. 1982),44,NA,0.43,3,Fresh,Ecto,E,Clypeaster_japonicus,NS,Carbohydrate-free
Clypeaster japonicus,SW,Echinodermata,Echinoidae,18.42068074,1.227814323,-17.19396845,8,0.533232985,-7.467245621,Activation,Ejaculated,No trans needed,Fujiwara et al. 1982),44,NA,0.21,3,Fresh,Ecto,E,Clypeaster_japonicus,NS,Carbohydrate-free
Crassostrea gigas,SW,Mollusca,Bivalvia,21.41641302,4.561143061,-16.8562402,9.301029996,1.980879262,-7.320572103,Activation,Ejaculated,Transformed,Fujiwara et al. 1999,46,NA,1.69,3,Fresh,Ecto,E,Magalla_gigas,NS,Carbohydrate-free
Cyprinus carpio,AM,Chordata,Actinopterygii,24.82093819,1.549687908,-23.27047351,10.77959649,0.673020907,-10.10623824,Activation,Extracted,Transformed,Boryshpolets et al (2008),102,NA,NA,11,Fresh,Ecto,E,Cyprinus_carpio,S,Carbohydrate-containing
Echinus esculentus,SW,Echinodermata,Echinoidae,20.83659452,1.638029616,-19.1985648,9.049218023,0.711387223,-8.337830753,Activation,Ejaculated,Transformed,Rothschild & Tuft 1948),81,NA,NA,2,Fresh,Ecto,E,Echinus_esculentus,NS,Carbohydrate-free
Echinus esculentus,SW,Echinodermata,Echinoidae,19.63262172,1.038675929,-18.58791666,8.526339277,0.451091224,-8.072629637,Activation,Ejaculated,Transformed,Rothschild 1950),82,NA,NA,2,Fresh,Ecto,E,Echinus_esculentus,NS,Carbohydrate-free
Echinus esculentus,SW,Echinodermata,Echinoidae,20.27854001,1.367652648,-18.97755031,8.80685803,0.593963998,-8.241845378,Activation,Ejaculated,Transformed,Rothschild 1950),82,NA,NA,2,Fresh,Ecto,E,Echinus_esculentus,NS,Carbohydrate-free
Echinus esculentus,SW,Echinodermata,Echinoidae,20.33613169,1.762035051,-18.57409653,8.831869774,0.7652421,-8.066627628,Activation,Ejaculated,Transformed,Rothschild & Tuft 1948),81,NA,NA,2,Fresh,Ecto,E,Echinus_esculentus,NS,Carbohydrate-free
Equus asinus,Saline solution,Chordata,Mammalia,20.43558376,6.641638984,-13.79570793,8.875061263,2.884427162,-5.991399828,Extender,Ejaculated,Transformed,Mann et al. 1963),61,NA,NA,2,Fresh,Endo,I,Equus_asinus,NS,Carbohydrate-free
Equus asinus,Saline solution,Chordata,Mammalia,20.38077553,6.445016397,-13.93542085,8.851258349,2.799035057,-6.05207638,Extender,Ejaculated,Transformed,Mann et al. 1963),61,NA,NA,2,Fresh,Endo,I,Equus_asinus,NS,Carbohydrate-free
Equus asinus,Saline solution,Chordata,Mammalia,18.42068074,2.864483987,-15.55847986,8,1.244029589,-6.756961951,Extender,Ejaculated,Transformed,Mann et al. 1963),61,NA,NA,2,Fresh,Endo,I,Equus_asinus,NS,Carbohydrate-free
Equus caballus,Saline solution,Chordata,Mammalia,18.42068074,2.837908188,-15.58160228,8,1.232487866,-6.76700389,Extender,Ejaculated,Transformed,Mann et al. 1963),61,NA,NA,2,Fresh,Endo,I,Equus_caballus,NS,Carbohydrate-free
Equus caballus,Saline solution,Chordata,Mammalia,20.26123038,4.64717548,-15.61127805,8.799340549,2.018242667,-6.779891912,Extender,Ejaculated,No trans needed,Mann et al. 1963),61,NA,NA,2,Fresh,Endo,I,Equus_caballus,NS,Carbohydrate-free
Galeolaria caespitosa,SW,Annelida,Polychaeta,18.42068074,0.237440856,-18.18166384,8,0.103119254,-7.896196279,Activation,Ejaculated,No trans needed,Kupriyanova & Havenhand 2005,55,NA,NA,8,Fresh,Ecto,E,Galeolaria_caespitosa,NS,Carbohydrate-free
Galeolaria caespitosa,SW,Annelida,Polychaeta,16.58809928,0.052294248,-16.5351274,7.204119983,0.022711103,-7.181114585,Activation,Ejaculated,No trans needed,This study (unpub),92,0.084096962,0.028032321,9,Fresh,Ecto,E,Galeolaria_caespitosa,NS,Carbohydrate-free
Galeolaria caespitosa,SW,Annelida,Polychaeta,18.42068074,-0.10232741,-18.52271347,8,-0.04444023,-8.04431225,Activation,Ejaculated,No trans needed,This study (unpub),92,0.083299708,0.048093109,3,Fresh,Ecto,E,Galeolaria_caespitosa,NS,Carbohydrate-free
Galeolaria caespitosa,SW,Annelida,Polychaeta,16.58809928,0.014756049,-16.57380198,7.204119983,0.006408471,-7.197910742,Activation,Ejaculated,No trans needed,This study (unpub),92,0.121786108,0.033777389,9,Fresh,Ecto,E,Galeolaria_caespitosa,NS,Carbohydrate-free
Galeolaria caespitosa,SW,Annelida,Polychaeta,14.97553147,-1.943085727,-16.91882804,6.503790683,-0.843871409,-7.347753659,Activation,Ejaculated,No trans needed,This study (unpub),92,0.038150586,0.022026251,3,Fresh,Ecto,E,Galeolaria_caespitosa,NS,Carbohydrate-free
Galeolaria caespitosa,SW,Annelida,Polychaeta,16.11809565,0.261866813,-15.85573139,7,0.113727312,-6.886056648,Activation,Ejaculated,No trans needed,This study (unpub),92,0.528400566,0.305072209,3,Fresh,Ecto,E,Galeolaria_caespitosa,NS,Carbohydrate-free
Galeolaria caespitosa,SW,Annelida,Polychaeta,16.99356439,0.531930195,-16.4619954,7.380211242,0.231014348,-7.149353765,Activation,Ejaculated,No trans needed,This study (unpub),92,0.174304029,0.065880731,7,Fresh,Ecto,E,Galeolaria_caespitosa,NS,Carbohydrate-free
Galeolaria caespitosa,SW,Annelida,Polychaeta,16.99356439,0.385719259,-16.60748599,7.380211242,0.167515746,-7.212539525,Activation,Ejaculated,No trans needed,This study (unpub),92,0.241183543,0.066892279,9,Fresh,Ecto,E,Galeolaria_caespitosa,NS,Carbohydrate-free
Gallus gallus ,Cl + TES buffer,Chordata,Aves,19.33697148,3.208825489,-16.12814599,8.397940009,1.393575203,-7.004364805,Extender,Ejaculated,Transformed,Froman & Kirby 2005),42,NA,NA,56,Fresh,Endo,I,Gallus_gallus,NS,Carbohydrate-free
Gallus gallus ,Cl + TES buffer,Chordata,Aves,20.72326584,3.912023005,-16.81124283,9,1.698970004,-7.301029996,Extender,Ejaculated,Transformed,Ashizawa et al. 1995,7,NA,0.3,5,Fresh,Endo,I,Gallus_gallus,NS,Carbohydrate-free
Gallus gallus ,Cl + TES buffer,Chordata,Aves,19.33697148,3.616308761,-15.71931953,8.397940009,1.57054294,-6.826813732,Extender,Ejaculated,No trans needed,Froman et al. 1999),43,NA,0.021,26,Fresh,Endo,I,Gallus_gallus,NS,Carbohydrate-free
Gallus gallus ,Cl + TES buffer,Chordata,Aves,21.90192083,6.299092766,-15.60527202,9.511883361,2.735661229,-6.777283529,Extender,Ejaculated,Transformed,Chaudhuri & Wishart 1988),24,NA,12.06,4,Fresh,Endo,I,Gallus_gallus,NS,Carbohydrate-free
Gallus gallus ,Fresh medium + sodium bicarb soln,Chordata,Aves,20.03011866,4.016383021,-16.01373564,8.698970004,1.744292983,-6.954677021,Extender,Ejaculated,Transformed,Ashizawa et al. 1985),5,NA,NA,6,Fresh,Endo,I,Gallus_gallus,NS,Carbohydrate-free
Gallus gallus ,Isotonic salt solution,Chordata,Aves,22.33270375,5.453182077,-16.87952167,9.698970004,2.368286885,-7.330683119,Extender,Ejaculated,Transformed,Schindler and Lehrer (1968),85,NA,NA,3,Fresh,Endo,I,Gallus_gallus,NS,Carbohydrate-free
Gallus gallus ,Modified KRP,Chordata,Aves,21.44110563,3.738264679,-17.70284095,9.311753861,1.623507722,-7.688246139,Activation,Ejaculated,Transformed,Scott et al (1962),87,NA,NA,3,Fresh,Endo,I,Gallus_gallus,S,Carbohydrate-containing
Gallus gallus ,Potassium phosphate buffer,Chordata,Aves,19.51929303,2.183801557,-17.33549148,8.477121255,0.948412966,-7.528708289,Activation,Ejaculated,Transformed,Sexton (1974),88,NA,NA,6,Fresh,Endo,I,Gallus_gallus,NS,Carbohydrate-free
Gallus gallus ,Sodium bicarbote buffer ,Chordata,Aves,20.72326584,4.189654742,-16.53361109,9,1.819543936,-7.180456064,Activation,Ejaculated,Transformed,Ashizawa et al. 1989,6,NA,NA,5,Fresh,Endo,I,Gallus_gallus,NS,Carbohydrate-free
Heliocidaris erythrogramma,SW,Echinodermata,Echinoidae,12.8346813,-3.270169119,-16.10814532,5.574031268,-1.420216403,-6.995678626,Activation,Ejaculated,No trans needed,This study (unpub),92,0.022,0.011,4,Fresh,Ecto,E,Heliocidaris_erythrogramma,NS,Carbohydrate-free
Heliocidaris erythrogramma,SW,Echinodermata,Echinoidae,14.91412285,-2.707816928,-17.62317355,6.477121255,-1.17598995,-7.653647026,Activation,Ejaculated,No trans needed,This study (unpub),92,0.031956443,0.013046163,6,Fresh,Ecto,E,Heliocidaris_erythrogramma,NS,Carbohydrate-free
Heliocidaris erythrogramma,SW,Echinodermata,Echinoidae,17.21670794,0.688363707,-16.52907594,7.477121255,0.298952559,-7.178486472,Activation,Ejaculated,No trans needed,This study (unpub),92,0.164990842,0.073786148,5,Fresh,Ecto,E,Heliocidaris_erythrogramma,NS,Carbohydrate-free
Heliocidaris erythrogramma,SW,Echinodermata,Echinoidae,16.11809565,0.680178747,-15.44006211,7,0.295397877,-6.705533774,Activation,Ejaculated,No trans needed,This study (unpub),92,0.161790483,0.057201574,8,Fresh,Ecto,E,Heliocidaris_erythrogramma,NS,Carbohydrate-free
Hemicentrotus pulcherrimus,SW,Echinodermata,Echinoidae,18.42068074,1.718758576,-16.70149197,8,0.746447365,-7.253365801,Activation,Ejaculated,No trans needed,Fujiwara et al. 1982),44,NA,0.46,3,Fresh,Ecto,E,Hemicentrotus_pulcherrimus,NS,Carbohydrate-free
Hemicentrotus pulcherrimus,SW,Echinodermata,Echinoidae,18.42068074,1.706637216,-16.71411612,8,0.741183125,-7.258848401,Activation,Ejaculated,No trans needed,Fujiwara et al. 1982),44,NA,0.81,3,Fresh,Ecto,E,Hemicentrotus_pulcherrimus,NS,Carbohydrate-free
Hemicentrotus pulcherrimus,SW,Echinodermata,Echinoidae,19.11382792,1.227814323,-17.88418737,8.301029996,0.533232985,-7.76700389,Activation,Ejaculated,Transformed,Fujiwara et al. 1983),45,NA,0.09,3,Fresh,Ecto,E,Hemicentrotus_pulcherrimus,NS,Carbohydrate-free
Homo sapiens,BWW Diluent,Chordata,Mammalia,16.52356076,0.526265808,-15.99587802,7.176091259,0.228554337,-6.946921557,Activation,Ejaculated,Transformed,Deutch et al. 1985),28,0.892143853,0.282120658,10,Fresh,Endo,I,Homo_sapiens,NS,Carbohydrate-free
Homo sapiens,BWW Diluent,Chordata,Mammalia,18.03942032,1.138178711,-16.90116754,7.834420704,0.494304734,-7.3400838,Activation,Ejaculated,Transformed,Deutch et al. 1985),28,1.705508851,0.539329254,10,Fresh,Endo,I,Homo_sapiens,NS,Carbohydrate-free
Homo sapiens,BWW Diluent,Chordata,Mammalia,15.6303353,0.325611327,-15.30273084,6.788168371,0.141411203,-6.645891561,Activation,Ejaculated,Transformed,Deutch et al. 1985),28,0.455475023,0.144033849,10,Fresh,Endo,I,Homo_sapiens,NS,Carbohydrate-free
Homo sapiens,Ferticult medium ,Chordata,Mammalia,16.81124283,0.121296855,-16.68994598,7.301029996,0.052678555,-7.248351441,Activation,Ejaculated,Transformed,Le Foll et al (2021),58,NA,NA,7,Fresh,Endo,I,Homo_sapiens,NS,Carbohydrate-free
Homo sapiens,Isotonic salt solution,Chordata,Mammalia,16.11809565,2.01841684,-14.09967881,7,0.876587296,-6.123412704,Extender,Ejaculated,No Trans needed,Ferramosca et al (2021),36,NA,NA,4,Fresh,Endo,I,Homo_sapiens,NS,Carbohydrate-free
Homo sapiens,Isotonic salt solution,Chordata,Mammalia,16.81124283,1.799727639,-15.01283882,7.301029996,0.781611782,-6.519993057,Extender,Ejaculated,No trans needed,Ferramosca et al (2012),35,NA,NA,120,Cooled,Endo,I,Homo_sapiens,NS,Carbohydrate-free
Homo sapiens,Isotonic salt solution,Chordata,Mammalia,16.11809565,2.087409711,-14.03118209,7,0.906550519,-6.093664958,Extender,Ejaculated,No Trans needed,Ferramosca et al (2021),36,NA,NA,4,Fresh,Endo,I,Homo_sapiens,NS,Carbohydrate-free
Homo sapiens,KRP,Chordata,Mammalia,18.53400943,0.943905899,-17.58632484,8.049218023,0.409933123,-7.637643836,Extender,Ejaculated,Transformed,Bernstein 1957),11,NA,NA,6,Fresh,Endo,I,Homo_sapiens,S,Carbohydrate-containing
Homo sapiens,KRP,Chordata,Mammalia,17.06200155,2.158714723,-14.90318291,7.409933123,0.937517892,-6.472370099,Extender,Ejaculated,Transformed,Ibrahim et al (1981),50,NA,NA,11,Fresh,Endo,I,Homo_sapiens,S,Carbohydrate-containing
Homo sapiens,SF,Chordata,Mammalia,16.00156183,0.573517669,-15.42996101,6.949390007,0.249075559,-6.701146924,Extender,Ejaculated,Transformed,Deutch et al. 1985),28,2.501191133,0.754137502,11,Fresh,Endo,I,Homo_sapiens,S,Carbohydrate-containing
Homo sapiens,SF,Chordata,Mammalia,16.89282282,0.702840503,-16.18959165,7.336459734,0.305239752,-7.031050319,Extender,Ejaculated,Transformed,Deutch et al. 1985),28,1.766738087,0.53269157600000006,11,Fresh,Endo,I,Homo_sapiens,S,Carbohydrate-containing
Homo sapiens,SF,Chordata,Mammalia,18.23675791,1.078147333,-17.15938287,7.920123326,0.468233437,-7.452225295,Extender,Ejaculated,Transformed,Deutch et al. 1985),28,1.997420817,0.602245036,11,Fresh,Endo,I,Homo_sapiens,S,Carbohydrate-containing
Loligo pealei ,SW,Mollusca,Cephalopoda,20.50012229,4.268449469,-16.23126435,8.903089987,1.853764051,-7.049148541,Activation,Extracted,No trans needed,Austin et al. 1964),8,NA,NA,6,Fresh,Ecto,I,Doryteuthis_pealeii,NS,Carbohydrate-free
Macaca fascicularis ,Sodium citrate Extender,Chordata,Mammalia,20.539343,4.471820263,-16.06930549,8.920123326,1.942086864,-6.978810701,Extender,Ejaculated,Transformed,Ackerman et al 1971,1,NA,2.45,3,Frozen-thawed,Endo,I,Macaca_fascicularis,NS,Carbohydrate-free
Macaca mulatta,Sodium citrate Extender,Chordata,Mammalia,21.00089757,5.267528208,-15.73283325,9.120573931,2.287658434,-6.832682665,Extender,Ejaculated,Transformed,Ackerman et al 1971,1,NA,12.03,3,Frozen-thawed,Endo,I,Macaca_mulatta,NS,Carbohydrate-free
Macropus eugenii,Buffered Medium,Chordata,Mammalia,18.42068074,2.45530618,-15.9610919,8,1.066325925,-6.931814138,Extender,Ejaculated,No trans needed,Murdoch et al. 1999b),72,NA,5.5,4,Fresh,Endo,I,Notamacropus_eugenii,NS,Carbohydrate-free
Macropus eugenii,Buffered Medium,Chordata,Mammalia,18.42068074,2.785011242,-15.6356695,8,1.209515015,-6.790484985,Extender,Ejaculated,No trans needed,Murdoch et al. 1999b),72,NA,3.8,4,Fresh,Endo,I,Notamacropus_eugenii,NS,Carbohydrate-free
Macropus eugenii,Buffered Medium,Chordata,Mammalia,18.42068074,2.480731278,-15.93577409,8,1.077367905,-6.920818754,Extender,Ejaculated,No trans needed,Murdoch et al. 1999b),72,NA,2.4,4,Fresh,Endo,I,Notamacropus_eugenii,NS,Carbohydrate-free
Macropus eugenii,KRP,Chordata,Mammalia,18.68304501,3.520460802,-15.16258421,8.113943352,1.5289167,-6.585026652,Extender,Ejaculated,Transformed,Murdoch and Jones (1998),70,NA,NA,4,Fresh,Endo,I,Notamacropus_eugenii,NS,Carbohydrate-free
Meleagris gallopavo,Earle's Solution,Chordata,Aves,20.86302778,4.364676578,-16.49789301,9.06069784,1.895554953,-7.164943898,Extender,Ejaculated,Transformed,Bade et al. 1956),9,NA,NA,1,Fresh,Endo,I,Meleagris_gallopavo,S,Carbohydrate-containing
Meleagris gallopavo,Potassium phosphate buffer,Chordata,Aves,19.51929303,1.666762979,-17.8497012,8.477121255,0.723865964,-7.752026734,Activation,Ejaculated,Transformed,Sexton (1974),88,NA,NA,6,Fresh,Endo,I,Meleagris_gallopavo,NS,Carbohydrate-free
Metopograpsus messor,SW,Arthropoda ,Malacostraca,19.21818794,-1.418817553,-20.63708814,8.346352974,-0.616184634,-8.962573502,Activation,Collected from female,No trans needed,Anilkumar et al (1996),4,NA,0.108,8,Fresh,Ecto,E,Metopograpsus_messor,NS,Carbohydrate-free
Metopograpsus messor,SW,Arthropoda ,Malacostraca,18.85893567,-1.826350914,-20.68404512,8.190331698,-0.793174124,-8.982966661,Activation,Collected from female,No trans needed,Anilkumar et al (1996),4,NA,0.108,6,Fresh,Ecto,E,Metopograpsus_messor,NS,Carbohydrate-free
Metopograpsus messor,SW,Arthropoda ,Malacostraca,19.42498235,-1.298283484,-20.72326584,8.436162647,-0.563837353,-9,Activation,Collected from female,No trans needed,Anilkumar et al (1996),4,NA,0.108,7,Fresh,Ecto,E,Metopograpsus_messor,NS,Carbohydrate-free
Metopograpsus messor,SW,Arthropoda ,Malacostraca,18.62769491,-1.931021537,-20.5577514,8.089905111,-0.838631998,-8.928117993,Activation,Collected from female,No trans needed,Anilkumar et al (1996),4,NA,0.108,7,Fresh,Ecto,E,Metopograpsus_messor,NS,Carbohydrate-free
Mus musculus,AM,Chordata,Mammalia,15.8949521,2.93385687,-12.95998096,6.903089987,1.274157849,-5.628448215,Activation,Extracted,No trans needed,Tourmente et al 2022),105,NA,NA,5,Fresh,Endo,I,Mus_musculus,S,Carbohydrate-containing
Mus musculus,Ca free capacitating medium,Chordata,Mammalia,11.21182037,-3.529787426,-14.74160671,4.86923172,-1.532967201,-6.402198447,Activation,Extracted,No trans needed,Boell 1985),16,NA,NA,2,Fresh,Endo,I,Mus_musculus,NS,Carbohydrate-free
Mus musculus,Ca free capacitating medium,Chordata,Mammalia,12.72783821,-2.482529773,-15.21036949,5.527629901,-1.078148981,-6.605779537,Activation,Extracted,No trans needed,Boell 1985),16,NA,NA,2,Fresh,Endo,I,Mus_musculus,NS,Carbohydrate-free
Mus musculus,Ca free capacitating medium,Chordata,Mammalia,11.90496755,-4.349884531,-16.25506151,5.170261715,-1.889130849,-7.059483515,Activation,Extracted,No trans needed,Boell 1985),16,NA,NA,2,Fresh,Endo,I,Mus_musculus,NS,Carbohydrate-free
Mus musculus,Glucose-free M2 medium,Chordata,Mammalia,17.21670794,1.837023424,-15.38093158,7.477121255,0.797809136,-6.679853714,Extender,Extracted,Transformed,Miki et al (2004),64,NA,NA,4,Fresh,Endo,I,Mus_musculus,NS,Carbohydrate-free
Mus musculus,PSS,Chordata,Mammalia,17.72753356,2.463853241,-15.26368032,7.698970004,1.070037867,-6.628932138,Extender,Extracted,Transformed,Djakiew and Cardullo (1986),29,NA,NA,5,Fresh,Endo,I,Mus_musculus,NS,Carbohydrate-free
Mus musculus,Tris-egg-yolk buffer,Chordata,Mammalia,14.50865774,-1.131466114,-15.64012385,6.301029996,-0.49138949,-6.792419485,Activation,Ejaculated,No Trans needed,Fang et al (2020),32,NA,NA,10,Fresh,Endo,I,Mus_musculus,S,Carbohydrate-containing
Mus musculus,Tyrodes Medium,Chordata,Mammalia,11.69524702,-4.943171151,-16.63897161,5.079181246,-2.146791954,-7.226213555,Activation,Extracted,Transformed,Boell & Burkus 1984),15,NA,NA,2,Fresh,Endo,I,Mus_musculus,NS,Carbohydrate-free
Mus musculus,Tyrodes Medium,Chordata,Mammalia,14.50865774,-0.859468908,-15.36812873,6.301029996,-0.373262604,-6.674293502,Activation,Extracted,No trans needed,Tourmente et al 2015,93,NA,NA,5,Fresh,Endo,I,Mus_musculus,NS,Carbohydrate-free
Mus spicilegus,Tyrodes Medium,Chordata,Mammalia,14.50865774,-0.354322513,-14.86298116,6.301029996,-0.153880312,-6.4549107040000004,Activation,Extracted,No trans needed,Tourmente et al 2015,93,NA,NA,5,Fresh,Endo,I,Mus_spicilegus,NS,Carbohydrate-free
Mus spretus,Tyrodes Medium,Chordata,Mammalia,14.50865774,-0.594436824,-15.10309326,6.301029996,-0.258160633,-6.559190062,Activation,Extracted,No trans needed,Tourmente et al 2015,93,NA,NA,5,Fresh,Endo,I,Mus_spretus,NS,Carbohydrate-free
Oryctolagus cuniculus,High ionic medium + semil plasma,Chordata,Mammalia,20.21244021,4.452938304,-15.75949856,8.77815125,1.933886534,-6.84426326,Activation,Ejaculated,No trans needed,Killian et al. 1985),54,NA,0.87,11,Fresh,Endo,I,Oryctolagus_cuniculus,NS,Carbohydrate-free
Oryctolagus cuniculus,KRP,Chordata,Mammalia,18.951309,2.447550863,-16.50375813,8.230448921,1.062957834,-7.167491087,Extender,Ejaculated,Transformed,Hamner & Williams 1963),49,NA,NA,13,Fresh,Endo,I,Oryctolagus_cuniculus,S,Carbohydrate-containing
Oryctolagus cuniculus,KRP,Chordata,Mammalia,19.55208286,2.955951404,-16.59613145,8.491361694,1.283753383,-7.207608311,Extender,Ejaculated,Transformed,Murdoch & White 1968),69,NA,1.04,3,Fresh,Endo,I,Oryctolagus_cuniculus,S,Carbohydrate-containing
Oryctolagus cuniculus,KRP,Chordata,Mammalia,19.83166772,2.58021683,-17.25129938,8.612783857,1.120573931,-7.492144128,Extender,Ejaculated,Transformed,Murdoch & White 1966),68,NA,NA,4,Fresh,Endo,I,Oryctolagus_cuniculus,S,Carbohydrate-containing
Oryctolagus cuniculus,KRP,Chordata,Mammalia,18.11957565,3.189652966,-14.92992301,7.86923172,1.385248682,-6.48398318,Extender,Ejaculated,Transformed,Foley & Williams 1967),40,NA,NA,5,Fresh,Endo,I,Oryctolagus_cuniculus,S,Carbohydrate-containing
Oryctolagus cuniculus,KRP,Chordata,Mammalia,19.64445618,1.811562097,-17.83289408,8.531478917,0.786751422,-7.744727495,Extender,Ejaculated,Transformed,Murdoch & White 1966),68,NA,NA,4,Fresh,Endo,I,Oryctolagus_cuniculus,S,Carbohydrate-containing
Oryctolagus cuniculus,Tyrodes Medium,Chordata,Mammalia,17.90985512,-0.568997257,-18.47885238,7.77815125,-0.247112369,-8.025263619,Activation,Ejaculated,Transformed,Castellini et al (2014),22,NA,NA,8,Fresh,Endo,I,Oryctolagus_cuniculus,NS,Carbohydrate-free
Ovis aries,Buffer,Chordata,Mammalia,20.78153475,4.736689556,-16.04113461,9.025305865,2.057118137,-6.966576245,Extender,Ejaculated,Transformed,Amir & Schindler 1967),3,NA,NA,3,Fresh,Endo,I,Ovis_aries,NS,Carbohydrate-free
Ovis aries,Buffer,Chordata,Mammalia,22.0582669,6.121659129,-15.93577409,9.579783597,2.65860278,-6.920818754,Extender,Ejaculated,Transformed,Amir & Schindler 1967),3,NA,NA,5,Fresh,Endo,I,Ovis_aries,NS,Carbohydrate-free
Ovis aries,Buffer,Chordata,Mammalia,22.72474584,6.48335197,-16.24139387,9.86923172,2.815683985,-7.053547735,Extender,Ejaculated,Transformed,Amir & Schindler 1967),3,NA,NA,3,Fresh,Endo,I,Ovis_aries,NS,Carbohydrate-free
Ovis aries,Buffer,Chordata,Mammalia,21.46520318,5.494147273,-15.96967565,9.322219295,2.386077844,-6.935542011,Extender,Ejaculated,Transformed,Amir & Schindler 1967),3,NA,NA,5,Fresh,Endo,I,Ovis_aries,NS,Carbohydrate-free
Ovis aries,KRP,Chordata,Mammalia,18.42068074,3.943521672,-14.47715907,8,1.712649702,-6.287350298,Extender,Ejaculated,No trans needed,Black et al. 1968),14,NA,NA,176,Fresh,Endo,I,Ovis_aries,NS,Carbohydrate-free
Ovis aries,KRP,Chordata,Mammalia,20.72326584,4.852030264,-15.87123557,9,2.10720997,-6.89279003,Extender,Ejaculated,Transformed,Murdoch & White 1966),68,NA,NA,4,Fresh,Endo,I,Ovis_aries,NS,Carbohydrate-free
Ovis aries,KRP,Chordata,Mammalia,20.47480448,4.547329186,-15.92747529,8.892094603,1.974879973,-6.91721463,Extender,Ejaculated,Transformed,Murdoch & White 1966),68,NA,NA,4,Fresh,Endo,I,Ovis_aries,NS,Carbohydrate-free
Ovis aries,KRP,Chordata,Mammalia,20.81857602,4.532061714,-16.2865143,9.041392685,1.968249394,-7.073143291,Extender,Ejaculated,Transformed,Scott et al (1962),87,NA,NA,3,Fresh,Endo,I,Ovis_aries,NS,Carbohydrate-free
Ovis aries,KRP,Chordata,Mammalia,18.31532023,3.396666178,-14.9186551,7.954242509,1.475153378,-6.479089588,Extender,Ejaculated,Transformed,Foley & Williams 1967),40,NA,NA,5,Fresh,Endo,I,Ovis_aries,NS,Carbohydrate-free
Ovis aries,Tris-potassium buffer,Chordata,Mammalia,18.42068074,2.533696814,-15.88698393,8,1.100370545,-6.899629455,Activation,Ejaculated,No trans needed,Simpson et al. 1987),89,NA,NA,3,Fresh,Endo,I,Ovis_aries,NS,Carbohydrate-free
Ovis cadensis ,SF,Chordata,Mammalia,21.82520592,4.868676271,-16.84558586,9.478566496,2.114439239,-7.315944983,Extender,Ejaculated,Transformed,Winchester & McKenzie 1941),98,NA,NA,5,Fresh,Endo,I,Ovis_cadensis,S,Carbohydrate-containing
Ovis cadensis ,SF,Chordata,Mammalia,19.96824325,4.451896765,-15.49225348,8.672097858,1.933434199,-6.728200199,Extender,Ejaculated,Transformed,Winchester & McKenzie 1941),98,NA,NA,3,Fresh,Endo,I,Ovis_cadensis,S,Carbohydrate-containing
Ovis cadensis ,SF,Chordata,Mammalia,21.05256958,4.753385657,-16.18103332,9.1430148,2.064369161,-7.027333483,Extender,Ejaculated,Transformed,Winchester & McKenzie 1941),98,NA,NA,6,Fresh,Endo,I,Ovis_cadensis,S,Carbohydrate-containing
Paracentrotus lividus,SW,Echinodermata,Echinoidae,19.67344371,2.803360381,-16.87099284,8.544068044,1.217483944,-7.326979093,Activation,Ejaculated,Transformed,Rothschild 1956),83,NA,NA,4,Fresh,Ecto,E,Paracentrotus_lividus,NS,Carbohydrate-free
Paracentrotus lividus,SW,Echinodermata,Echinoidae,20.36659089,3.091042453,-17.27645794,8.84509804,1.342422681,-7.503070352,Activation,Ejaculated,Transformed,Rothschild 1956),83,NA,NA,4,Fresh,Ecto,E,Paracentrotus_lividus,NS,Carbohydrate-free
Paracentrotus lividus,SW,Echinodermata,Echinoidae,19.25358987,3.149678851,-16.10814532,8.361727836,1.367888145,-6.995678626,Activation,Ejaculated,Transformed,Rothschild 1956),83,NA,NA,4,Fresh,Ecto,E,Paracentrotus_lividus,NS,Carbohydrate-free
Paracentrotus lividus,SW,Echinodermata,Echinoidae,16.11809565,-2.387707346,-18.50623863,7,-1.036968125,-8.037157319,Activation,Ejaculated,Transformed,Mita et al. 1994,65,NA,0.02,3,Fresh,Ecto,E,Paracentrotus_lividus,NS,Carbohydrate-free
Pinctada margaritifera,SW,Mollusca,Bivalvia,20.43558376,3.386579053,-17.04950002,8.875061263,1.470772595,-7.404503778,Activation,Extracted,Transformed,Demoy-Schneider et al. 2012),27,NA,NA,51,Fresh,Ecto,E,Pinctada_margaritifera,NS,Carbohydrate-free
Pinctada margaritifera,SW,Mollusca,Bivalvia,20.72326584,4.056850358,-16.66627706,9,1.761867724,-7.238072162,Activation,Extracted,No Trans needed,Demoy-Schneider et al (2018),26,NA,NA,28,Fresh,Ecto,E,Pinctada_margaritifera,NS,Carbohydrate-free
Pseudocentrotus depressus,SW,Echinodermata,Echinoidae,18.42068074,1.691894934,-16.72874161,8,0.734780634,-7.26520017,Activation,Ejaculated,No trans needed,Fujiwara et al. 1982),44,NA,0.61,3,Fresh,Ecto,E,Pseudocentrotus_depressus,NS,Carbohydrate-free
Pseudocentrotus depressus,SW,Echinodermata,Echinoidae,18.42068074,1.60937391,-16.81124283,8,0.698942209,-7.301029996,Activation,Ejaculated,No trans needed,Fujiwara et al. 1982),44,NA,0.22,3,Fresh,Ecto,E,Pseudocentrotus_depressus,NS,Carbohydrate-free
Pseudocentrotus depressus,SW,Echinodermata,Echinoidae,19.11382792,2.323798489,-16.78948134,8.301029996,1.009212861,-7.2915791,Activation,Ejaculated,Transformed,Yasumasu et al. 1980,100,NA,0.2,2,Fresh,Ecto,E,Pseudocentrotus_depressus,NS,Carbohydrate-free
Pseudocentrotus depressus,SW,Echinodermata,Echinoidae,18.42068074,1.548413211,-16.87311824,8,0.672467313,-7.327902142,Activation,Ejaculated,No trans needed,Fujiwara et al. 1982),44,NA,0.51,3,Fresh,Ecto,E,Pseudocentrotus_depressus,NS,Carbohydrate-free
Pseudocentrotus depressus,SW,Echinodermata,Echinoidae,11.51292546,-2.874435419,-14.38736088,5,-1.248351441,-6.248351441,Activation,Ejaculated,Transformed,Kazama et al (2006),53,NA,NA,4,Fresh,Ecto,E,Pseudocentrotus_depressus,NS,Carbohydrate-free
Pseudocentrotus depressus,SW,Echinodermata,Echinoidae,18.80594314,3.855013829,-14.94868945,8.167317335,1.674211233,-6.492133339,Activation,Ejaculated,Transformed,Kazama and Hino (2012),52,NA,NA,16,Cooled,Ecto,E,Pseudocentrotus_depressus,NS,Carbohydrate-free
Rattus norvegicus,HEPES,Chordata,Mammalia,19.90682044,4.506564582,-15.40025586,8.645422269,1.95717613,-6.688246139,Activation,Extracted,Transformed,Frenkel et al. 1978,41,NA,4.5,5,Fresh,Endo,I,Rattus_norvegicus,NS,Carbohydrate-free
Rattus norvegicus,KRP,Chordata,Mammalia,16.11809565,-0.62064049,-16.73799237,7,-0.26954074,-7.269217724,Extender,Extracted,No trans needed,Yamashiro et al (2010),99,NA,NA,5,Fresh,Endo,I,Rattus_norvegicus,NS,Carbohydrate-free
Rattus norvegicus,KRP,Chordata,Mammalia,16.11809565,-0.754171882,-16.87226753,7,-0.327532687,-7.327532687,Extender,Extracted,No Trans needed,Yamashiro et al (2010),103,NA,NA,3,Fresh,Endo,I,Rattus_norvegicus,NS,Carbohydrate-free
Rattus norvegicus,KRP,Chordata,Mammalia,18.13299867,1.933692965,-16.19930571,7.875061263,0.839792184,-7.035269079,Extender,Extracted,Transformed,Murdoch et al. 1999a,71,NA,NA,6,Fresh,Endo,I,Rattus_norvegicus,NS,Carbohydrate-free
Rattus norvegicus,PSS,Chordata,Mammalia,19.58070166,5.33344353,-14.24629347,8.503790683,2.316285094,-6.187086643,Extender,Extracted,Transformed,Cardullo and Cone (1986),19,8.003953051,2.5,10,Fresh,Endo,I,Rattus_norvegicus,NS,Carbohydrate-free
Rattus norvegicus,PSS,Chordata,Mammalia,18.88441476,4.799894565,-14.08600781,8.201397124,2.084567723,-6.117475462,Extender,Extracted,Transformed,Cardullo and Cone (1986),19,11.64700415,3.7,10,Fresh,Endo,I,Rattus_norvegicus,NS,Carbohydrate-free
Rattus norvegicus,PSS,Chordata,Mammalia,19.91133512,5.593227526,-14.31803738,8.64738297,2.429107851,-6.218244625,Extender,Extracted,Transformed,Cardullo and Cone (1986),19,17.10317504,5.4,10,Fresh,Endo,I,Rattus_norvegicus,NS,Carbohydrate-free
Rattus norvegicus,PSS,Chordata,Mammalia,18.47894965,4.411950458,-14.06397192,8.025305865,1.916085738,-6.107905397,Extender,Extracted,Transformed,Cardullo and Cone (1986),19,8.36792193,2.6,10,Fresh,Endo,I,Rattus_norvegicus,NS,Carbohydrate-free
Rattus norvegicus,PSS,Chordata,Mammalia,20.03211666,5.645982359,-14.38644011,8.699837726,2.452018984,-6.247951552,Extender,Extracted,Transformed,Cardullo and Cone (1986),19,9.099221989,2.9,10,Fresh,Endo,I,Rattus_norvegicus,NS,Carbohydrate-free
Rattus norvegicus,PSS,Chordata,Mammalia,19.29614948,5.175025568,-14.12203572,8.380211242,2.247485048,-6.133122186,Extender,Extracted,Transformed,Cardullo and Cone (1986),19,12.37157961,3.9,10,Fresh,Endo,I,Rattus_norvegicus,NS,Carbohydrate-free
Rattus norvegicus,PSS,Chordata,Mammalia,20.73321617,6.174333956,-14.56417045,9.004321374,2.681479167,-6.325138859,Extender,Extracted,Transformed,Cardullo and Cone (1986),19,7.90569415,2.5,10,Fresh,Endo,I,Rattus_norvegicus,NS,Carbohydrate-free
Rattus norvegicus,PSS,Chordata,Mammalia,20.41538106,5.448970089,-14.96752362,8.866287339,2.366457641,-6.500312917,Extender,Extracted,Transformed,Cardullo and Cone (1986),19,14.1947863,4.5,10,Fresh,Endo,I,Rattus_norvegicus,NS,Carbohydrate-free
Rattus norvegicus,Tyrodes Medium,Chordata,Mammalia,14.50865774,1.085189268,-13.42346847,6.301029996,0.471291711,-5.829738285,Activation,Extracted,Transformed,Mitra and Chowdury 1992),66,NA,1.86,4,Fresh,Endo,I,Rattus_norvegicus,NS,Carbohydrate-free
Rhinella arerum,KRP,Chordata,Amphibia,18.43063107,1.197015324,-17.23589076,8.004321374,0.51985715,-7.485452247,Extender,Extracted,Transformed,Del Rio 1979),25,NA,NA,3,Fresh,Ecto,E,Rhinella_arerum,NS,Carbohydrate-free
Scophthalmus maximus,AM,Chordata,Actinopterygii,23.12116111,7.522940918,-15.59930186,10.04139269,3.267171728,-6.7746907179999996,Activation,Extracted,No Trans needed,Dreanno et al (1999),30,NA,NA,6,Frozen-thawed,Ecto,E,Scophthalmus_maximus,S,Carbohydrate-containing
Strongylocentrotus intermedius,SW,Echinodermata,Echinoidae,18.42068074,1.747264069,-16.67322153,8,0.758827144,-7.241088108,Activation,Ejaculated,No trans needed,Fujiwara et al. 1982),44,NA,0.62,3,Fresh,Ecto,E,Strongylocentrotus_intermedius,NS,Carbohydrate-free
Sus scrofa,Androhep,Chordata,Mammalia,13.81551056,-1.494111224,-15.30962178,6,-0.64888426,-6.64888426,Activation,Ejaculated,No Trans needed,Nesci et al (2020),73,NA,NA,7,Fresh,Endo,I,Sus_scrofa,NS,Carbohydrate-free
Sus scrofa,KRP,Chordata,Mammalia,18.951309,2.839078464,-16.10814532,8.230448921,1.23299611,-6.995678626,Extender,Ejaculated,Transformed,Grotjan et al. 1975),48,NA,NA,6,Fresh,Endo,I,Sus_scrofa,S,Carbohydrate-containing
Sus scrofa,KRP,Chordata,Mammalia,18.951309,2.701361213,-16.25048484,8.230448921,1.173186268,-7.057495894,Extender,Ejaculated,Transformed,Grotjan et al. 1975),48,NA,NA,6,Fresh,Endo,I,Sus_scrofa,S,Carbohydrate-containing
Sus scrofa,KRP,Chordata,Mammalia,16.99356439,1.479262228,-15.51430441,7.380211242,0.642435423,-6.737776797,Extender,Ejaculated,Transformed,Foley & Williams 1967),40,NA,NA,6,Fresh,Endo,I,Sus_scrofa,S,Carbohydrate-containing
Sus scrofa,SF,Chordata,Mammalia,20.44882899,4.330746606,-16.11394428,8.880813592,1.880819354,-6.998197082,Extender,Ejaculated,Transformed,Winchester & McKenzie 1941),98,NA,NA,3,Fresh,Endo,I,Sus_scrofa,S,Carbohydrate-containing
Sus scrofa,SF,Chordata,Mammalia,19.83166772,3.851811619,-15.97222199,8.612783857,1.672820531,-6.936647873,Extender,Ejaculated,Transformed,Winchester & McKenzie 1941),98,NA,NA,3,Fresh,Endo,I,Sus_scrofa,S,Carbohydrate-containing
Sus scrofa,SF,Chordata,Mammalia,19.36458664,3.449522256,-15.91857289,8.409933123,1.498108481,-6.913348365,Extender,Ejaculated,Transformed,Winchester & McKenzie 1941),98,NA,NA,5,Fresh,Endo,I,Sus_scrofa,S,Carbohydrate-containing
Sus scrofa,SF,Chordata,Mammalia,20.17853866,4.153015813,-16.02332198,8.763427994,1.803631851,-6.958840317,Extender,Ejaculated,Transformed,Winchester & McKenzie 1941),98,NA,NA,3,Fresh,Endo,I,Sus_scrofa,S,Carbohydrate-containing
Sus scrofa,SF,Chordata,Mammalia,20.61790532,4.508924295,-16.1074426,8.954242509,1.958200941,-6.995373437,Extender,Ejaculated,Transformed,Winchester & McKenzie 1941),98,NA,NA,3,Fresh,Endo,I,Sus_scrofa,S,Carbohydrate-containing
Sus scrofa,SF,Chordata,Mammalia,20.90558739,4.500939894,-16.39313136,9.079181246,1.954733359,-7.119446491,Extender,Ejaculated,Transformed,Winchester & McKenzie 1941),98,NA,NA,4,Fresh,Endo,I,Sus_scrofa,S,Carbohydrate-containing
Sus scrofa,SF,Chordata,Mammalia,21.75288525,4.367527079,-17.37900572,9.447158031,1.89679291,-7.5476062840000004,Extender,Ejaculated,Transformed,Winchester & McKenzie 1941),98,NA,NA,3,Fresh,Endo,I,Sus_scrofa,S,Carbohydrate-containing
Toxopneustes pileolus,SW,Echinodermata,Echinoidae,18.42068074,1.571013043,-16.84998366,8,0.682282295,-7.317854924,Activation,Ejaculated,No trans needed,Fujiwara et al. 1982),44,NA,0.23,3,Fresh,Ecto,E,Toxopneustes_pileolus,NS,Carbohydrate-free
Toxopneustes pileolus,SW,Echinodermata,Echinoidae,18.42068074,1.55126628,-16.86887194,8,0.673706385,-7.326058001,Activation,Ejaculated,No trans needed,Fujiwara et al. 1982),44,NA,0.2,3,Fresh,Ecto,E,Toxopneustes_pileolus,NS,Carbohydrate-free
Toxopneustes pileolus,SW,Echinodermata,Echinoidae,18.42068074,1.461921179,-16.95974284,8,0.634904301,-7.36552273,Activation,Ejaculated,No trans needed,Fujiwara et al. 1982),44,NA,0.33,3,Fresh,Ecto,E,Toxopneustes_pileolus,NS,Carbohydrate-free
Trichosurus vulpecula,KRP,Chordata,Mammalia,17.21670794,2.595254707,-14.62070724,7.477121255,1.127104798,-6.349692477,Extender,Ejaculated,Transformed,Rodger & Suter 1978),79,NA,7.733333333,7,Fresh,Endo,I,Trichosurus_vulpecula,NS,Carbohydrate-free
Urechis unicinctus,SW,Annelida,Polychaeta,21.41641302,4.610468127,-16.80526076,9.301029996,2.002300867,-7.298432015,Activation,Ejaculated,Transformed,Fujiwara et al. 1999,46,NA,1.75,3,Fresh,Ecto,E,Urechis_unicinctus,NS,Carbohydrate-free
Vulpes fulva,SF,Chordata,Mammalia,14.97553147,-0.559546747,-15.53588003,6.503790683,-0.243008064,-6.747146969,Extender,Ejaculated,No trans needed,Bishop 1942),13,NA,NA,5,Fresh,Endo,I,Vulpes_vulpes,S,Carbohydrate-containing
Xenopus laevis,De Boers solution,Chordata,Amphibia,15.4447511,-0.62064049,-16.06930549,6.707570176,-0.26954074,-6.978810701,Extender,Extracted,No trans needed,Berrdini et al (1988),10,0.15,NA,3,Cooled,Ecto,E,Xenopus_laevis,NS,Carbohydrate-free
Xenopus laevis,SW,Chordata,Amphibia,16.16688582,-0.531028331,-16.69791415,7.021189299,-0.230622674,-7.251811973,Activation,Extracted,Transformed,Van Der Horst 1986,94,0.15,0.075,4,Fresh,Ecto,E,Xenopus_laevis,NS,Carbohydrate-free
Xenopus laevis,SW,Chordata,Amphibia,16.90655301,-0.179126666,-17.08567968,7.342422681,-0.077793723,-7.420216403,Activation,Extracted,Transformed,Van Der Horst 1986,94,0.2,0.1,4,Fresh,Ecto,E,Xenopus_laevis,NS,Carbohydrate-free
Xenopus laevis,SW,Chordata,Amphibia,17.47135016,-0.116421463,-17.58777162,7.587710965,-0.050561199,-7.638272164,Activation,Extracted,Transformed,Van Der Horst 1986,94,0.18,0.09,4,Fresh,Ecto,E,Xenopus_laevis,NS,Carbohydrate-free
Zosterisessor ophiocephalus,AM,Chordata,Actinopterygii,14.89051298,-0.708788877,-15.59930186,6.46686762,-0.307823098,-6.7746907179999996,Activation,Extracted,Transformed,Locatello et al. 2020),59,NA,0.05,21,Fresh,Ecto,E,Zosterisessor_ophiocephalus,S,Carbohydrate-containing
Zosterisessor ophiocephalus,AM,Chordata,Actinopterygii,14.89051298,-0.836622248,-15.72605356,6.46686762,-0.363340426,-6.829738285,Activation,Extracted,Transformed,Locatello et al. 2020),59,NA,0.03,20,Fresh,Ecto,E,Zosterisessor_ophiocephalus,S,Carbohydrate-containing
